{"initial_reset_timestamp": 1589200179.5315764, "timestamps": [1589200188.5107331], "episode_lengths": [256], "episode_rewards": [230.9238393754939], "episode_types": ["t"]}